{"cameraMode":{"drawMode":0,"name":"Shaded","section":"Shading Mode"},"sceneLighting":false,"audioPlay":false,"sceneViewState":{"showFog":true,"showMaterialUpdate":false,"showSkybox":false,"showFlares":true,"showImageEffects":true,"showParticleSystems":true},"in2DMode":false,"pivot":{"x":-1.2352447509765626,"y":1.3308122158050538,"z":-0.28953540325164797},"rotation":{"x":0.2385377138853073,"y":0.3686685264110565,"z":-0.09844862669706345,"w":0.8930595517158508},"size":2.271778106689453,"orthographic":false}