{"cameraMode":{"drawMode":0,"name":"Shaded","section":"Shading Mode"},"sceneLighting":false,"audioPlay":false,"sceneViewState":{"showFog":true,"showMaterialUpdate":false,"showSkybox":false,"showFlares":true,"showImageEffects":true,"showParticleSystems":true},"in2DMode":false,"pivot":{"x":0.6853233575820923,"y":0.8151636719703674,"z":0.4503708779811859},"rotation":{"x":-0.024417703971266748,"y":-0.7060747742652893,"z":-0.02436484768986702,"w":0.707342803478241},"size":0.17177826166152955,"orthographic":false}