{"cameraMode":{"drawMode":0,"name":"Shaded","section":"Shading Mode"},"sceneLighting":false,"audioPlay":false,"sceneViewState":{"showFog":true,"showMaterialUpdate":false,"showSkybox":false,"showFlares":true,"showImageEffects":true,"showParticleSystems":true},"in2DMode":false,"pivot":{"x":82.70433807373047,"y":2.3321533203125,"z":161.76222229003907},"rotation":{"x":0.2637988030910492,"y":0.02072056755423546,"z":-0.005856052972376347,"w":0.9644319415092468},"size":99.56157684326172,"orthographic":false}