{"cameraMode":{"drawMode":0,"name":"Shaded","section":"Shading Mode"},"sceneLighting":true,"audioPlay":false,"sceneViewState":{"showFog":true,"showMaterialUpdate":false,"showSkybox":false,"showFlares":true,"showImageEffects":true,"showParticleSystems":true},"in2DMode":false,"pivot":{"x":258.94677734375,"y":100.1082534790039,"z":212.07540893554688},"rotation":{"x":0.2637988030910492,"y":0.02072056755423546,"z":-0.005856052972376347,"w":0.9644319415092468},"size":94.12250518798828,"orthographic":false}