{"cameraMode":{"drawMode":2,"name":"Shaded Wireframe","section":"Shading Mode"},"sceneLighting":false,"audioPlay":false,"sceneViewState":{"showFog":true,"showMaterialUpdate":false,"showSkybox":false,"showFlares":true,"showImageEffects":true,"showParticleSystems":true},"in2DMode":false,"pivot":{"x":-2.842506170272827,"y":0.8200346231460571,"z":0.19353927671909333},"rotation":{"x":0.055519625544548038,"y":-0.6851200461387634,"z":0.05252406746149063,"w":0.7244551777839661},"size":1.3009740114212037,"orthographic":true}