{"cameraMode":{"drawMode":0,"name":"Shaded","section":"Shading Mode"},"sceneLighting":true,"audioPlay":false,"sceneViewState":{"showFog":true,"showMaterialUpdate":false,"showSkybox":false,"showFlares":true,"showImageEffects":true,"showParticleSystems":true},"in2DMode":false,"pivot":{"x":135.7786865234375,"y":44.643699645996097,"z":266.45068359375},"rotation":{"x":-0.16770359873771668,"y":0.1074656993150711,"z":-0.018295546993613244,"w":-0.9798495173454285},"size":127.04804992675781,"orthographic":false}