{"cameraMode":{"drawMode":0,"name":"Shaded","section":"Shading Mode"},"sceneLighting":false,"audioPlay":false,"sceneViewState":{"showFog":true,"showMaterialUpdate":false,"showSkybox":false,"showFlares":true,"showImageEffects":true,"showParticleSystems":true},"in2DMode":false,"pivot":{"x":241.1996307373047,"y":4.218113422393799,"z":235.11441040039063},"rotation":{"x":0.13407683372497559,"y":0.35190528631210329,"z":-0.05119035765528679,"w":0.9250661134719849},"size":317.1212158203125,"orthographic":false}