{"cameraMode":{"drawMode":0,"name":"Shaded","section":"Shading Mode"},"sceneLighting":false,"audioPlay":false,"sceneViewState":{"showFog":true,"showMaterialUpdate":false,"showSkybox":false,"showFlares":true,"showImageEffects":true,"showParticleSystems":true},"in2DMode":false,"pivot":{"x":1.4947552680969239,"y":1.3308122158050538,"z":-0.28953540325164797},"rotation":{"x":-0.46889281272888186,"y":-0.0534583181142807,"z":0.02844787761569023,"w":-0.8812050819396973},"size":1.971778154373169,"orthographic":false}