{"cameraMode":{"drawMode":0,"name":"Shaded","section":"Shading Mode"},"sceneLighting":false,"audioPlay":false,"sceneViewState":{"showFog":true,"showMaterialUpdate":false,"showSkybox":false,"showFlares":true,"showImageEffects":true,"showParticleSystems":true},"in2DMode":false,"pivot":{"x":30.548784255981447,"y":-2.411558151245117,"z":72.7330093383789},"rotation":{"x":-0.3787820041179657,"y":-0.011650562286376953,"z":0.004777208436280489,"w":-0.925433874130249},"size":10.0,"orthographic":false}