{"cameraMode":{"drawMode":0,"name":"Shaded","section":"Shading Mode"},"sceneLighting":false,"audioPlay":false,"sceneViewState":{"showFog":true,"showMaterialUpdate":false,"showSkybox":false,"showFlares":true,"showImageEffects":true,"showParticleSystems":true},"in2DMode":false,"pivot":{"x":244.5449981689453,"y":6.59499979019165,"z":234.80999755859376},"rotation":{"x":-0.3787820041179657,"y":-0.011650562286376953,"z":0.004777208436280489,"w":-0.925433874130249},"size":284.2886657714844,"orthographic":false}