{"cameraMode":{"drawMode":0,"name":"Shaded","section":"Shading Mode"},"sceneLighting":true,"audioPlay":false,"sceneViewState":{"showFog":true,"showMaterialUpdate":false,"showSkybox":true,"showFlares":true,"showImageEffects":true,"showParticleSystems":true},"in2DMode":false,"pivot":{"x":316.5928649902344,"y":8.668289184570313,"z":164.9530029296875},"rotation":{"x":0.5171015858650208,"y":-0.006029277108609676,"z":0.003640045877546072,"w":0.8558998107910156},"size":118.0997085571289,"orthographic":false}