{"cameraMode":{"drawMode":0,"name":"Shaded","section":"Shading Mode"},"sceneLighting":false,"audioPlay":false,"sceneViewState":{"showFog":true,"showMaterialUpdate":false,"showSkybox":false,"showFlares":true,"showImageEffects":true,"showParticleSystems":true},"in2DMode":false,"pivot":{"x":30.514419555664064,"y":1.0060787200927735,"z":69.13688659667969},"rotation":{"x":-0.3787820041179657,"y":-0.011650562286376953,"z":0.004777208436280489,"w":-0.925433874130249},"size":1.971775770187378,"orthographic":false}