{"cameraMode":{"drawMode":0,"name":"Shaded","section":"Shading Mode"},"sceneLighting":false,"audioPlay":false,"sceneViewState":{"showFog":true,"showMaterialUpdate":false,"showSkybox":false,"showFlares":true,"showImageEffects":true,"showParticleSystems":true},"in2DMode":false,"pivot":{"x":250.05001831054688,"y":200.80001831054688,"z":250.0},"rotation":{"x":0.2637988030910492,"y":0.02072056755423546,"z":-0.005856052972376347,"w":0.9644319415092468},"size":39.51958465576172,"orthographic":false}