{"cameraMode":{"drawMode":0,"name":"Shaded","section":"Shading Mode"},"sceneLighting":false,"audioPlay":false,"sceneViewState":{"showFog":true,"showMaterialUpdate":false,"showSkybox":false,"showFlares":true,"showImageEffects":true,"showParticleSystems":true},"in2DMode":false,"pivot":{"x":30.548784255981447,"y":-2.411558151245117,"z":72.7330093383789},"rotation":{"x":-0.08719737827777863,"y":-0.006876241881400347,"z":0.0006017874111421406,"w":-0.9961712956428528},"size":10.0,"orthographic":false}