{"cameraMode":{"drawMode":0,"name":"Shaded","section":"Shading Mode"},"sceneLighting":false,"audioPlay":false,"sceneViewState":{"showFog":true,"showMaterialUpdate":false,"showSkybox":false,"showFlares":true,"showImageEffects":true,"showParticleSystems":true},"in2DMode":false,"pivot":{"x":36.9947509765625,"y":1.006079077720642,"z":73.77688598632813},"rotation":{"x":0.17106546461582185,"y":-0.3270280659198761,"z":0.060319654643535617,"w":0.9274433255195618},"size":1.9717762470245362,"orthographic":true}