{"cameraMode":{"drawMode":0,"name":"Shaded","section":"Shading Mode"},"sceneLighting":false,"audioPlay":false,"sceneViewState":{"showFog":true,"showMaterialUpdate":false,"showSkybox":false,"showFlares":true,"showImageEffects":true,"showParticleSystems":true},"in2DMode":false,"pivot":{"x":36.9947509765625,"y":1.006079077720642,"z":73.77688598632813},"rotation":{"x":0.31821951270103457,"y":0.2259526401758194,"z":-0.07838156074285507,"w":0.9173664450645447},"size":1.9717762470245362,"orthographic":false}